create DATABASE BMS_DB;

use BMS_DB;
show databases;
-- CUSTOMER_PERSONAL_INFO
CREATE TABLE CUSTOMER_PERSONAL_INFO
(
CUSTOMER_ID VARCHAR(5),
CUSTOMER_NAME VARCHAR(30),
DATE_OF_BIRTH DATE,
GAURDIAN_NAME VARCHAR(30),
CONTACT_NO BIGINT(10),
MAIL_ID VARCHAR(30),
GENDER CHAR(1),
MARITAL_STATUS VARCHAR(10),
IDENTIFICATION_DOC_TYPE VARCHAR(20),
CONSTRAINT CUST_PERS_INFO_PK PRIMARY KEY(CUSTOMER_ID)
);
show tables;
-- -- CUSTOMER_REFERENCE_INFO
CREATE TABLE CUSTOMER__REFERENCE_INFO
(
CUSTOMER_ID VARCHAR(5),
REFERENCE_ACC_NAME VARCHAR(20),
REFERENCE_ACC_NO BIGINT(16),
REFERENCE_ACC_ADDRESS VARCHAR(50),
RELATION VARCHAR(25),
CONSTRAINT CUST_REF_INFO_PK PRIMARY KEY(CUSTOMER_ID),
CONSTRAINT CUST_REF_INFO_PK FOREIGN KEY(CUSTOMER_ID) REFERENCES CUSTOMER_PERSONAL_INFO(CUSTOMER_ID)
);
show tables;

-- BANK_INFO
CREATE TABLE BANK_INFO
(
IFSC_CODE VARCHAR(15),
BANK_NAME VARCHAR(25),
BRANCH_NAME VARCHAR(25),
CONSTRAINT BANK_INFO_PK PRIMARY KEY(IFSC_CODE)
);
show tables;

-- ACCOUNT_INFO
CREATE TABLE ACCOUNT_INFO
(
ACCOUNT_NO BIGINT(16),
CUSTOMER_ID VARCHAR(5),
ACCOUNT_TYPE VARCHAR(10),
REGISTERATION_DATE DATE,
ACTIVATION_DATE DATE,
IFSC_CODE VARCHAR(10),
INTEREST DECIMAL(7,2),
INITIAL_DEPOSIT BIGINT(10),
CONSTRAINT ACC_INFO_PK PRIMARY KEY(ACCOUNT_NO),
CONSTRAINT ACC_INFO_PERS_FK FOREIGN KEY(CUSTOMER_ID) REFERENCES CUSTOMER_PERSONAL_INFO(CUSTOMER_ID),
CONSTRAINT ACC_INFO_BANK_FK FOREIGN KEY(IFSC_CODE) REFERENCES BANK_INFO(IFSC_CODE)
);
ALTER TABLE ACCOUNT_INFO MODIFY IFSC_CODE VARCHAR(15);

-- INSERTING_DATA
INSERT INTO BANK_INFO(IFSC_CODE,BANK_NAME,BRANCH_NAME)VALUES('CTBA0000111','CommBank','MENTONE');
INSERT INTO BANK_INFO(IFSC_CODE,BANK_NAME,BRANCH_NAME)VALUES('CTBA0000222','CommBank','DOCKLANDS');
INSERT INTO BANK_INFO(IFSC_CODE,BANK_NAME,BRANCH_NAME)VALUES('ANZB0000001','ANZ','BURWOOD');
INSERT INTO BANK_INFO(IFSC_CODE,BANK_NAME,BRANCH_NAME)VALUES('ANZB0000002','ANZ','BLACKBURN');
INSERT INTO BANK_INFO(IFSC_CODE,BANK_NAME,BRANCH_NAME)VALUES('NATA0000001','NAB','BLACKBURN');
INSERT INTO BANK_INFO(IFSC_CODE,BANK_NAME,BRANCH_NAME)VALUES('SGBLAU2S','Bank of Melbourne','Melbourne');
select * from BANK_INFO;

INSERT INTO CUSTOMER_PERSONAL_INFO(CUSTOMER_ID,CUSTOMER_NAME,DATE_OF_BIRTH,GAURDIAN_NAME,CONTACT_NO,MAIL_ID,GENDER,MARITAL_STATUS,IDENTIFICATION_DOC_TYPE)VALUES('C-001','JOHN','1984-05-03','JOHN','0433202002','JOHN_123@gmail.com','M','MARRIED','PASSPORT');
INSERT INTO CUSTOMER_PERSONAL_INFO(CUSTOMER_ID,CUSTOMER_NAME,DATE_OF_BIRTH,GAURDIAN_NAME,CONTACT_NO,MAIL_ID,GENDER,MARITAL_STATUS,IDENTIFICATION_DOC_TYPE)VALUES('C-002','MARRY','1981-05-03','SHASHY','0444202002','marry_123@gmail.com','F','MARRIED','DRIVING_LICENCE');
INSERT INTO CUSTOMER_PERSONAL_INFO(CUSTOMER_ID,CUSTOMER_NAME,DATE_OF_BIRTH,GAURDIAN_NAME,CONTACT_NO,MAIL_ID,GENDER,MARITAL_STATUS,IDENTIFICATION_DOC_TYPE)VALUES('C-003','PETER','1980-09-11','SMITH','0422202002','peter_223@gmail.com','M','MARRIED','PASSPORT');
INSERT INTO CUSTOMER_PERSONAL_INFO(CUSTOMER_ID,CUSTOMER_NAME,DATE_OF_BIRTH,GAURDIAN_NAME,CONTACT_NO,MAIL_ID,GENDER,MARITAL_STATUS,IDENTIFICATION_DOC_TYPE)VALUES('C-004','CHRIS','1989-09-03','DAVID','0433203202','chris_123@gmail.com','M','UNMARRIED','DRIVING_LICENCE');
INSERT INTO CUSTOMER_PERSONAL_INFO(CUSTOMER_ID,CUSTOMER_NAME,DATE_OF_BIRTH,GAURDIAN_NAME,CONTACT_NO,MAIL_ID,GENDER,MARITAL_STATUS,IDENTIFICATION_DOC_TYPE)VALUES('C-005','NIK','1991-05-02','PHIL','0433224002','NIK_123@gmail.com','M','MARRIED','DRIVING_LICENCE');
INSERT INTO CUSTOMER_PERSONAL_INFO(CUSTOMER_ID,CUSTOMER_NAME,DATE_OF_BIRTH,GAURDIAN_NAME,CONTACT_NO,MAIL_ID,GENDER,MARITAL_STATUS,IDENTIFICATION_DOC_TYPE)VALUES('C-006','DAISY','1979-05-03','MITCH','0431202002','daisy_123@gmail.com','F','UNMARRIED','PASSPORT');
select * from CUSTOMER_PERSONAL_INFO;

INSERT INTO CUSTOMER__REFERENCE_INFO(CUSTOMER_ID,REFERENCE_ACC_NAME,REFERENCE_ACC_NO,REFERENCE_ACC_ADDRESS,RELATION)VALUES('C-001','RICKY','109202902','15 EAST ROAD','BROTHER');
INSERT INTO CUSTOMER__REFERENCE_INFO(CUSTOMER_ID,REFERENCE_ACC_NAME,REFERENCE_ACC_NO,REFERENCE_ACC_ADDRESS,RELATION)VALUES('C-002','MITCHELLA','109202202','20 WEST MARKET','SISTER');
INSERT INTO CUSTOMER__REFERENCE_INFO(CUSTOMER_ID,REFERENCE_ACC_NAME,REFERENCE_ACC_NO,REFERENCE_ACC_ADDRESS,RELATION)VALUES('C-003','ZULIA','309202902','22 EASTER ROAD','WIFE');
INSERT INTO CUSTOMER__REFERENCE_INFO(CUSTOMER_ID,REFERENCE_ACC_NAME,REFERENCE_ACC_NO,REFERENCE_ACC_ADDRESS,RELATION)VALUES('C-004','DAVID','309202902','42 MAX ROAD','FATHER');
INSERT INTO CUSTOMER__REFERENCE_INFO(CUSTOMER_ID,REFERENCE_ACC_NAME,REFERENCE_ACC_NO,REFERENCE_ACC_ADDRESS,RELATION)VALUES('C-005','VEER','309202902','21 FOX STREET','COUSIN');
INSERT INTO CUSTOMER__REFERENCE_INFO(CUSTOMER_ID,REFERENCE_ACC_NAME,REFERENCE_ACC_NO,REFERENCE_ACC_ADDRESS,RELATION)VALUES('C-006','MICHAEL','309202902','22 EASTER ROAD','BROTHER');
select * from CUSTOMER__REFERENCE_INFO;

INSERT INTO ACCOUNT_INFO(ACCOUNT_NO,CUSTOMER_ID,ACCOUNT_TYPE,REGISTERATION_DATE,ACTIVATION_DATE,IFSC_CODE,INTEREST,INITIAL_DEPOSIT)VALUES('2023020011','C-001','SAVINGS','2011-05-03','2011-05-11','CTBA0000111','7.02','2000');
INSERT INTO ACCOUNT_INFO(ACCOUNT_NO,CUSTOMER_ID,ACCOUNT_TYPE,REGISTERATION_DATE,ACTIVATION_DATE,IFSC_CODE,INTEREST,INITIAL_DEPOSIT)VALUES('2213020011','C-002','SAVINGS','2012-05-03','2012-05-11','CTBA0000222','8.02','3000');
INSERT INTO ACCOUNT_INFO(ACCOUNT_NO,CUSTOMER_ID,ACCOUNT_TYPE,REGISTERATION_DATE,ACTIVATION_DATE,IFSC_CODE,INTEREST,INITIAL_DEPOSIT)VALUES('2033020011','C-003','SAVINGS','2013-05-03','2013-05-11','ANZB0000001','6.02','4000');
INSERT INTO ACCOUNT_INFO(ACCOUNT_NO,CUSTOMER_ID,ACCOUNT_TYPE,REGISTERATION_DATE,ACTIVATION_DATE,IFSC_CODE,INTEREST,INITIAL_DEPOSIT)VALUES('2023011011','C-004','SAVINGS','2015-05-03','2015-05-11','ANZB0000002','9.02','1000');
INSERT INTO ACCOUNT_INFO(ACCOUNT_NO,CUSTOMER_ID,ACCOUNT_TYPE,REGISTERATION_DATE,ACTIVATION_DATE,IFSC_CODE,INTEREST,INITIAL_DEPOSIT)VALUES('1023020011','C-005','SAVINGS','2017-09-03','2017-09-11','NATA0000001','8.02','5000');
INSERT INTO ACCOUNT_INFO(ACCOUNT_NO,CUSTOMER_ID,ACCOUNT_TYPE,REGISTERATION_DATE,ACTIVATION_DATE,IFSC_CODE,INTEREST,INITIAL_DEPOSIT)VALUES('1223020011','C-006','SAVINGS','2019-09-03','2019-09-11','SGBLAU2S','6.02','4000');
select * from ACCOUNT_INFO;
show tables;